Modelo,Accuracy,AUC
XGBoost Optimizado,0.8089642640823743,0.9061850883631852
Gradient Boosting,0.8050878255602665,0.900247471396026
Logistic Regression,0.8038764385221078,0.8986481179353007
Random Forest,0.801817080557238,0.8918666056617623
Decision Tree,0.7840096910963053,0.8187398824141034
Naive Bayes,0.768503937007874,0.8542531959478468
