split,train_end,test_start,test_end,train_size,test_size,auc,logloss
1,1968-06,1968-06,1968-09,2544,1364,0.8920984021270555,0.42477533934293016
2,1968-12,1968-12,1969-03,4340,541,0.8949397195111949,0.41263683930817285
3,1969-06,1969-06,1969-09,6060,1161,0.9253795721187026,0.3468981322940554
4,1969-12,1969-12,1970-03,7542,559,0.8992812219227313,0.41166392453446005
5,1970-06,1970-06,1970-09,9300,1094,0.921996890308127,0.3579864005183851
